remote_path	bytes	sha256	git_blob_sha
.nojekyll	1	01ba4719c80b6fe911b091a7c05124b64eeece964e09c058ef8f9805daca546b	8b137891791fe96927ad78e64b0aad7bded08bdc
assets/reader.css	12575	d74e04ac22563099aa8c0c3bf298855123429e043a2cf4d42f5b03601afaaf9a	685d609f24553e5f0576c019c7c1d73b92bddea8
assets/reader.js	12850	ed5faceeb94f87f9eec7a93a51aacee2a80774c07a0e656be72b6ee637e3e15e	281bd51bd5088172964a991aeea58d572be8bcb6
assets/vendor/pdfjs/images/altText_add.svg	920	1a9591a23999e1924438b948a9f9671147f04e01e5be724391a3a8a2b58289d9	3451b536ce7253b9341022f1fc2d7138f7840f79
assets/vendor/pdfjs/images/altText_disclaimer.svg	3397	5d19067a6b51e5bcc2d61325033a8450d301535505a97c50f4141f4cd9e2cf05	6fe79e710c82a0361e535b3988d349d48b62eed3
assets/vendor/pdfjs/images/altText_done.svg	1087	5b40360d098d1a93227a0a5cdb110f6e5ff3a3eb4af97b61e856c49e17141621	f54924ebf92890ce3148ade2313f471cc385b710
assets/vendor/pdfjs/images/altText_spinner.svg	2710	4089182e21627182ed1d4020978b597d984fb8de4cf547e9f4ac2aec9af13179	fedb4724f7ed39a065b50d47d05e84d18953a853
assets/vendor/pdfjs/images/altText_warning.svg	1532	07264f4de78a45a4177ddefb48837217aa69b51462ef5b35d3fb9f90000c9ead	03014ceab2506cc0f706a0ab16ec479eb93e83da
assets/vendor/pdfjs/images/annotation-check.svg	415	9a680f1212888ede7dcae6bfc8cafc447babf4ce531271c8d07277b0aedade96	71cd16df576f158da70e8007c946cf25ad25e397
assets/vendor/pdfjs/images/annotation-comment.svg	883	c58b385b4a0be6de822a3262b8191073d1730f6420368bd9c6d80db7312327ff	86f1f17249f0a2e49e54a6610fa928c91815c2d7
assets/vendor/pdfjs/images/annotation-help.svg	2168	74d9bba0814d12f5ae2715189e1747b7edf5ff6d82c4ca75bae86d717319b6eb	00938fefe048b07fede7186d235179fe6ac2482c
assets/vendor/pdfjs/images/annotation-insert.svg	408	b2153e2c88c62179029ea9876d463216529ecf581b77d52c971a2cdf3d3166c6	519ef6826e56b178cbad9d91adf0b7a870696602
assets/vendor/pdfjs/images/annotation-key.svg	1452	5772b8dd158b0f02bb2be689bb680f4903d84e202cb29a3dc0560af53134c6ba	8d09d5378d5be7d1350e08c3ece3d87e2e711a96
assets/vendor/pdfjs/images/annotation-newparagraph.svg	426	a583cca122263d94c3eebfefe83c965a1b305b9c84e5aa3c5ba10527941db7db	38d2497da9112076d3e88876d03aedbb1437a1a2
assets/vendor/pdfjs/images/annotation-noicon.svg	158	76399e70d311834d11ab2d6239118b36847d79a78d7655b1f839d51c811304cf	c07d1080832bebea22ad1cf45fe3bac16ca90642
assets/vendor/pdfjs/images/annotation-note.svg	1041	11a75c9f233dd3e5e3500edcdd733358394f28395337616e8b0430694bf0dba1	70173651c7e2a3d53492f234e7444c9d775b3b2c
assets/vendor/pdfjs/images/annotation-paperclip.svg	552	0213c8baed4f8c497881ffed0e49abb309291d51725aaf1a0a757174b4999368	2bed2250aee5b1e1aa4b884ae5eb984ad6aa1c91
assets/vendor/pdfjs/images/annotation-paragraph.svg	1143	efbcd2a6cfb4581dad74a1c09ad43cf2b8245611e5b19c966317da948f2bcb7c	6ae5212b75d6855aa2cf7964de2b27650a6a2b80
assets/vendor/pdfjs/images/annotation-pushpin.svg	1375	22197186d18445959e5fe5577d8e34440b31d87c811daf47318078310c0c5530	6e0896cf4ac0e9d2368ea4cfb11fe106b3855dbf
assets/vendor/pdfjs/images/checkmark.svg	565	424df6b8515df22424c9505a9e87d35d87d3fd59962d56692fcc4d17613f2165	20ba0d207df2cc4edb8f0e698805e119bf471367
assets/vendor/pdfjs/images/comment-actionsButton.svg	421	281b2348ed747ea3ee74763a01d56441d8c570b3e68f11556dc4084a14484d1f	3161438cacddba57632639031eac5325cd88fff6
assets/vendor/pdfjs/images/comment-closeButton.svg	1199	fdb819984e10758952bc35b5be3220538b21a787656794b1071fecd3d2648930	6fb5f6a2c4040538956975187549f6e17beba558
assets/vendor/pdfjs/images/comment-editButton.svg	908	e79c41bf53a89ced9a3ad364a49943813189d06fd96174952e5fb2636938b70f	92b1316f23f98dae71e0c160001de52bd80e735b
assets/vendor/pdfjs/images/comment-popup-editButton.svg	1635	857c0198bc536885f2b486353d5719d0c1bb91d69325474f7d787ce5b43cfe1e	e49742287558cf42dd76b6f85601bbe6a806e8d8
assets/vendor/pdfjs/images/cursor-editorFreeHighlight.svg	2936	90b04428328a67e184fe1b1a1f28cb0d62bf6e298614ca241b6564fb24cb9e7e	513f6bdfdaa928912c1220fee3d95f2978c8cdf0
assets/vendor/pdfjs/images/cursor-editorFreeText.svg	1452	fedb05ee0dd510514ed9edb24b3b4da2707931279a0bf48e2a1deb3a1f4cf581	de2838ef102b5b7666fa192bc7d620b9b0fffb3b
assets/vendor/pdfjs/images/cursor-editorInk.svg	1323	0ae889debe01269b49b89d8845995281223b8ae289405758631076b763da3efe	1dadb5c0155e91dd36fdaf6a0e270627fd314f8a
assets/vendor/pdfjs/images/cursor-editorTextHighlight.svg	5402	c6252b0edcb68dac87557a027180fcbdbd93466841aa34792530f7cce54cec5d	800340cb5b18aba3528973b7a9e846ddda450ba4
assets/vendor/pdfjs/images/editor-toolbar-delete.svg	909	f1f47a2cb479a87807f9bd61bd5813c1fe857dbbcb4fb35ae7a77ca39114f920	f84520d85a3406933e8f5d5d66f7c56c90a375ed
assets/vendor/pdfjs/images/editor-toolbar-edit.svg	869	c6eacc709e4dd30a57120b6531856c003a4c931c46656c3625e2fd5886cf4ce6	692de38d32c5b40287f132b0646a528a8dbf08d2
assets/vendor/pdfjs/images/findbarButton-next.svg	578	3029879b7e1060d54c4edcfe0c93c8c3b8c1756fb794e5d4add64028b5f99fab	8cb39bec6f1a491aa6ee2fabf6c20a9432b2ee6f
assets/vendor/pdfjs/images/findbarButton-previous.svg	578	766d12bb08b9f13c753d289f3c029f5ca202eda3a8be52afc9e31697335f4a80	b610879dafcce529a81fcba83d34262cb6460612
assets/vendor/pdfjs/images/gv-toolbarButton-download.svg	782	010d9d77a425e80eb666a196f500cdd8b15758af69a19ad7f11279b78c29e3f5	d56cf3ce70e11286d2b8f33483db252e85a5d30e
assets/vendor/pdfjs/images/loading-icon.gif	2545	483c4a0396691993a641ec409c44b8b7e1daab0ae7e2b2944c4bc59520bb7655	1c72ebb554be018511ae972c3f2361dff02dce02
assets/vendor/pdfjs/images/loading.svg	1559	7d6e14cf6226c74c26e2141180eadc944ef4ce8565e9b6dd2670ec202417a764	0a15ff6885de8c9e8423e98dd066840d56f3df19
assets/vendor/pdfjs/images/messageBar_closingButton.svg	1092	7393c7791916243eca6bbdda8bf137d36600fffc76d7a55d33a77bd4e7778193	8a40715ded3a5c48b9a4eac09182b4be4a6a647b
assets/vendor/pdfjs/images/messageBar_info.svg	1076	050e838b982b1b3e993e06bd666f8693ea98e89fb568c39c4af32e128477aeef	b12b6be4aa63b8061316d8f5fb9e05b6365ed924
assets/vendor/pdfjs/images/messageBar_warning.svg	811	888a4bf2ad5150028663dde01fe71599336c87ca12697180e51bd8a13b88084f	011cfcf3e146018947ccc73682cc1469ca2e5d14
assets/vendor/pdfjs/images/pages_closeButton.svg	284	03577a1fc1fc16be0331c65d45accc4d57c269381999e00b2bec9005225a7643	92fc5ecf65c022a58a3f552c173d502a37e8d4ef
assets/vendor/pdfjs/images/pages_selected.svg	355	a66ae84122fc40cc1282c68205909387e05a80061b9a7268a54b4bd0c9e7e2fc	32c481641003701d45f11a451b2e010c291651b3
assets/vendor/pdfjs/images/pages_viewArrow.svg	705	409d9a306df6e86bc433365f961be50c9b4256b7a89b741f2f858af5b456b2ce	a4932d42769d3a96d3c26b1a283c626cae6e8bb5
assets/vendor/pdfjs/images/pages_viewButton.svg	1406	f49c2ddd994c602dcaceb3c6b1445ef37bfd6ca8e2cb468d894741368c3344af	24c518d4331bfab669f520ef52527add7c9c638d
assets/vendor/pdfjs/images/secondaryToolbarButton-documentProperties.svg	417	735a4bc556610bc6dedaa40a36ccf444c31032be02ad20df5ac4c66ebaa5bbc3	dd3917b91d981d9b522c7c822cc2113d6a758f70
assets/vendor/pdfjs/images/secondaryToolbarButton-firstPage.svg	260	d46a7b0760fbc043a98f9b328f6b4ee56df8de140a2a290f0e2a915ff772e287	f5c917f12a67772571b35880e90beecc58b30db4
assets/vendor/pdfjs/images/secondaryToolbarButton-handTool.svg	1344	e968339ba921e68d4d83e6ec7a4321f1791c86f4eff552f28cf4c81c6f88155b	b7073b598957c43288998b17fa5d424e4a782517
assets/vendor/pdfjs/images/secondaryToolbarButton-lastPage.svg	257	4cc4b92888b776ea3a09d5e86b17d7bb50a8f3e6d09854d4c2e3f050c34dc9f8	c04f65079c59c6e966e51fc920b4d9c4db4db339
assets/vendor/pdfjs/images/secondaryToolbarButton-rotateCcw.svg	596	7eb24492df9f42c8ab053cbead5d985b0daaccced649392d1fbfde4931459451	da73a1b16be7ec3f6b96ff3db884c8b6b853b3a9
assets/vendor/pdfjs/images/secondaryToolbarButton-rotateCw.svg	576	03d2e7bad2fc95895334e43edf34309a64223f32504304034eb1f6b163954898	c41ce7365eb4ca48558b71cca2d5d4e4a9b99a6f
assets/vendor/pdfjs/images/secondaryToolbarButton-scrollHorizontal.svg	971	c61fb184d5311255b627a9943c156bb1f00f835282d832241e01a7d82a22b678	fb440b9465316f3511d680fad8aa08516a959797
assets/vendor/pdfjs/images/secondaryToolbarButton-scrollPage.svg	731	e60ae21987a2e6e5352ac3171363352cac9d2cae36bf828d1729cbfa286e085d	64a9f500732d7072a9c5e771adaf5dfbba5cbdc8
assets/vendor/pdfjs/images/secondaryToolbarButton-scrollVertical.svg	969	79871e2329cbb4dc2b6df94aae5f3074b3fdebffba46fe7d3ade9aff5726bfb0	dc7e80520072e254cb4cca66841ae4028ecef9da
assets/vendor/pdfjs/images/secondaryToolbarButton-scrollWrapped.svg	1228	8734aa2747f6fff9e8fd09f6e9509db43ec1b63935c8f6b8291e9347bc7e2706	75fe26bcfcc5149376058eea001acc44d3f319fb
assets/vendor/pdfjs/images/secondaryToolbarButton-selectTool.svg	1085	332e08979379ff2f8a7bfd336e8ca6348546c78ce2a6bf464cd31dc2c64004ac	94d51410dd43142275323c6fd3ae87859412f92a
assets/vendor/pdfjs/images/secondaryToolbarButton-spreadEven.svg	775	ac385199d448c0d5ae5d4c06d2c76db0a31bb5db54d0fbd727f3dc889e73271b	ce201e33c0a5dd9815e1067a3c523bcea353d59a
assets/vendor/pdfjs/images/secondaryToolbarButton-spreadNone.svg	395	649934c2f447d7a239d6ffce8f8e0804b50dfe1d9421a1d16e9543c0aee9b03e	e8d487fa389e25b6aa35db299197d1c816ae5646
assets/vendor/pdfjs/images/secondaryToolbarButton-spreadOdd.svg	711	43b6862d35f86dbe5fec6b16e2cb59ca22c490bdf0787e4590c1ceb494d05244	9211a427bfee600ad9c02cfe3c77bb108928c6f9
assets/vendor/pdfjs/images/signature-properties-row-check.svg	296	3fe9e7e5869e80c04e560ec79e8960ed0f3e918195b6de2b039bd33fb23ecf0f	f40d8301f589404f38a428d1fb737ec6ca4886e9
assets/vendor/pdfjs/images/toolbarButton-bookmark.svg	861	f2a335bc963e95344d26d61157b1511f5f78d705b38579004971d51a3c62401c	c4c37c90582dd951e90804502902989cb4c8503e
assets/vendor/pdfjs/images/toolbarButton-currentOutlineItem.svg	607	5f6505f05dbc728301942b37de22d490f09276e6c9a6561b1894afa91f34439c	01e67623bf2ab17b21193966cd3ef9ff17c87cb3
assets/vendor/pdfjs/images/toolbarButton-download.svg	1036	afa286c8ea1941eaec589ed6a2103c5a845f3ff76a7423ba985f449465005163	e2e850adf73d0cf2f499a3c33c9d4988676ad018
assets/vendor/pdfjs/images/toolbarButton-editorFreeText.svg	498	9ec2202e18ba668ee1753179afead4e1786eac82da2cc82afc5a09584c242c43	13a67bd9b6ab2106f5b4db06ce3a55263e2dbc4b
assets/vendor/pdfjs/images/toolbarButton-editorHighlight.svg	910	df0aac50621777fb63da60b38c71c5bbbde746c4dd55c30dd141621cb30b7cc4	b3cd7fda9c960be975f276950a7b7c25966d0c8d
assets/vendor/pdfjs/images/toolbarButton-editorInk.svg	1189	081bf99d3c2390036a2d9c7e9485316bcd049f90a74e982f1eebcfd4d9b178e3	b579eec7ee58f1f9d43736ff1e671f542d942444
assets/vendor/pdfjs/images/toolbarButton-editorSignature.svg	1577	32e07998fd55a7ed40ec2b542fe324ec097d9023fc4c59d6debe33becdf215c2	0b4e9049feea700ba4a6bd5d9a1e521869fe2875
assets/vendor/pdfjs/images/toolbarButton-editorStamp.svg	734	18294793f2399a8a44ee246d63b20cd46cb3cd38a1bb72f00b826e7f756c5f52	a1fef4922d97f073c59dfe409db557b2e968408a
assets/vendor/pdfjs/images/toolbarButton-menuArrow.svg	681	2db41f97615a8c912f676a62c88b12e2b8715f4ed188df325737423501aa4a8a	82ffeaabb9e497590979506a13f761b908ca6bd7
assets/vendor/pdfjs/images/toolbarButton-openFile.svg	1400	7acb9e9964dd618bfcb657d8d18db2c55ef8f168c37f3873c06d72c63e1b11ec	e773781d607247c6807cd7fe17c7fb7fddd74119
assets/vendor/pdfjs/images/toolbarButton-pageDown.svg	701	09a14cbd902aad9fe40f2351db2ac5593ad897aed8810b9c6aeb0e56389ff100	1fc12e733d9b957f359ec561063750dffab65073
assets/vendor/pdfjs/images/toolbarButton-pageUp.svg	682	bac79138cb730c6bfa63bef02d7e5906aee727bb54df15878823426822badaaa	0936b9a578f89dd940767529a755c1c470e8a49c
assets/vendor/pdfjs/images/toolbarButton-presentationMode.svg	681	2a08e4277e39a9faef69520570744650bb017c2e90fe7c15224144d6b4abfbe7	901d5672bcb34191c425679a1b35db14e0f5abd1
assets/vendor/pdfjs/images/toolbarButton-print.svg	927	267745d6c176afe038630c3f7c0fcda78141fc7634f73898ffc6cbb1262c77ab	97a390474d93e6c34b17479f1781fc5266f72f0b
assets/vendor/pdfjs/images/toolbarButton-search.svg	1234	32889acafd84edeec513db6131252fa97ffff00fee6272d05e35e2d95216e30f	0cc7ae21ac16844b81e3861f0bd517fb2cb58a9b
assets/vendor/pdfjs/images/toolbarButton-secondaryToolbarToggle.svg	1080	ff717321d89309f51bcccc28f347e6a888e73570527845d6560a84f5d70cb3a0	cace863728ade3088e92292458c28d9d0022c42f
assets/vendor/pdfjs/images/toolbarButton-signaturePropertiesError.svg	345	957d6ce5e6c4a62f88ad0e79c50b6ccd94358524a7450d3b04eb318146a46351	43a8b413e2d87c6dc71679851dd418a9728b9538
assets/vendor/pdfjs/images/toolbarButton-signaturePropertiesVerified.svg	356	ae9f3a3e7e8e16900e6b2dbaa7acea0111763b72125246e55b572f4e9e66bc16	e294c6c90af4ff102a9a0fc4286b3a87f31ee4c9
assets/vendor/pdfjs/images/toolbarButton-viewAttachments.svg	570	e07fbf17b3c7ca2cda9c4e54cdd66cb0aa63d368232cbb2c9aed5559720bf96c	ab73f6e6e071e95c3c90b94b219c9c94a49e307f
assets/vendor/pdfjs/images/toolbarButton-viewLayers.svg	671	e0b8a59c272dc9a1d9a07d461363f96c3b3bd3df2db778f8f99743dfffd51d78	1d726682642bf968612180bfba62a2edd0882cfb
assets/vendor/pdfjs/images/toolbarButton-viewOutline.svg	332	eeb6cd0ce94dcfea6bd2aca222da7b1583d74800ea9c94640ff8fa06c13fb044	7ed1bd97f2f5b57aef1e73046e1df0d2b3ccf6ef
assets/vendor/pdfjs/images/toolbarButton-viewsManagerToggle.svg	1560	88098d3e47fd921122c5263dce50ee67c662c9cb65908be0481891dfe521a6c5	1d8d0e4b23aab16ccd62f0e1dbb69088db84bc06
assets/vendor/pdfjs/images/toolbarButton-viewThumbnail.svg	1396	5fa35769db66b33d6408f378e8aa68fa060331f0cc9dd6ad41fb7366082aad34	040d123266a20cc089b2af50a0a39b9760e2d493
assets/vendor/pdfjs/images/toolbarButton-zoomIn.svg	958	722dfe315686a5841d0a0d00f34df8f706d2c6e24551d46a5ebe971fe4af62d2	30ec51a2ffdff5fc1f7bb6088bd9fa492c428a09
assets/vendor/pdfjs/images/toolbarButton-zoomOut.svg	472	366a40c3627e67f97164976d5ff38b5484716e834d08fefe252a6ea37feda895	f273b5995cdb234502a123a7e384af651f1e47bd
assets/vendor/pdfjs/images/treeitem-collapsed.svg	93	37c96d0dc2f626c541303a76067184ac09614f2390a8430e973a84e5184e2646	831cddfc869518822c6d70e289ea5fe4b175cb94
assets/vendor/pdfjs/images/treeitem-expanded.svg	94	df4a149c4eaed4573620621087f7bab816f049e3e341574654fab598435db086	2d45f0c8d18dd66c1cbc6756b97299051b9886e2
assets/vendor/pdfjs/LICENSE	10174	0d542e0c8804e39aa7f37eb00da5a762149dc682d7829451287e11b938e94594	f433b1a53f5b830a205fd2df78e2b34974656c7b
assets/vendor/pdfjs/pdf.min.mjs	454669	e0be3863c23c8af2305b16548febd58e7f8874a460253317d7771cddbc1c0f6d	e6b6bf3679b9c08c2c55f87c6b1be98a4aece71a
assets/vendor/pdfjs/pdf.worker.min.mjs	1262398	0613f41490dd6aaceed7a93fbbd38c85e6d6aa60474b6588c6e7709cfbe18cb3	66a5d815c7b7801a767d8b467e5ae40274852012
assets/vendor/pdfjs/pdf_viewer.css	163517	a38845ce94bd5ac25121c5b0b00a12516f75acfcc9d864e0ecd41ff99e9b437f	070e389e17e420452de4391b3433bac15982b0c9
assets/vendor/pdfjs/pdf_viewer.mjs	314694	d5bbf27d495e635d4f8926a231b74c7c0f3c9ad7dd5ebacaaaa2c9ae878d4779	c1717440583a0739debb12695952d9424abcce58
assets/vendor/pdfjs/README.md	548	b687162512416fb437673b800c01cf60a79fb1f294065c29b5f1d59b03ab3b33	7637953a4b5995834cef3af3fc9fe3f1b59a7d71
authority/PUBLIC_AUTHORITY.md	1278	d0b169d44100535fcbb4c1176b5c9fd908b26c50dd199f88dd4ba6ae12381d72	5179a54eefca7e38fbd70274d1cfe4098b49484f
backend/public/public-safe-main.records.csv	6309596	ab4d670735b36dd9dd5cad38a67e986ec6e06f343751330de12447562f9ba653	67ba3300254f77dcb99bda290da1ecc1455aec65
backend/public/public-safe-main.records.jsonl	7455392	4981da0220b3063765d5ad9df054a6a9d37d89b7f72abb9a230900f293140952	b82c870ae994a0a5d9284a24cb05ae0f5c00a753
backend/public/PUBLIC_SAFE_EXPORT_MANIFEST.tsv	402	e4df78d45c3f8442000123a80efa6c3581e11f67a9a76640ed084c1415b61b87	82e4e13e45be2cce36b48d93b803999db3be77e0
backend/public/PUBLIC_SAFE_EXPORT_VALIDATION.json	6952	92ad72b3b092d5d2aa687301acb89b496afc606a5ddcfa9d4ba4defa172c201c	6192eb28151d1e447e86d3f525e18a9795f18ccf
backend/public/README.md	1927	97419eb953582bee3f14a7b2a69112b513aa1208250476a808dd7134b1985810	1fe0f12d26375a1e9544a42fb036a00191821c5c
backend/public/record.schema.json	2683	6c92b72345ffb5241cfc06f70c34af998fe60a12eabd54a22fad4a0c016afcb6	ca32d9f49a0f302a0040160d004d4ce760c296d1
BUILD.md	1999	86870ab5e67386a3da3a1e93bd7f2fc3a2573945c23981822cc98402d05f6f46	105cd46555ac62f74c23d18013e19cec62b1df5f
CENTRAL_HUB_HANDOFF.json	3509	7afa66c596fb5df750512e932e1707e27ab764784c23bf81678f38dd5752ea73	de1498ccc437561bf476f51520b9276284a33241
index.html	10664	1f07fc866cdeb52653984d9237d3ce7fc67473061d63861fdebfaf66bec1faed	6210af2ccae9d3feedea41b832f1e523bb6ff718
qa/FIGURE_LOCALIZATION_VALIDATION.md	3958	0b79d95ad4c322827569c3d0e182075af6f37f253452cf7b0ee8e0a02b7f5a84	e1e8018d690e6311d1eec21beac9b00e1f15769f
qa/finalize_main_pdf.py	5558	2e1097e756e21163756183e9b1569a1953d11f88e7c4f08f3318300592616a55	dfe4782071a34dd7cbc483ea410ebafcc58a1084
qa/generate_main_input_manifest.py	3812	8cd9b257c3d5c0dd5b5430b661dc5023bd917e3ff3b9d9cc3afe60f6bd6f71bd	c0ac0753b2f702309c3f9403f8e22313119ead1d
qa/GFDL_COMPLIANCE_BOUNDARY.md	5092	826d2ea141eb3e2e79c094e75012b6ca448a69c481260aafd44848e495d008df	e08c236bca90be2a98c567fd6903c4dbfdd8f3b0
qa/MAIN_BOOK_FINAL_INPUT_MANIFEST.tsv	12665	2947f95fde93d36f88a54789796f60c5216112b7ef44fe0130ac7d25f16d4cd3	2fcc29ae4174dadecfff1155e7b5211f75b6ca3d
qa/MAIN_BOOK_FINAL_QA.md	8513	f8b156c6af10931566c37ca360d874efaf7d84495910a19b95c45f14e399987b	4df4ab15e3176c09507dee3a700e5c9de9deda2c
qa/QUOTATION_AND_COMPONENT_RIGHTS_DISPOSITION.md	5192	28fe8007f2414382159c0f66ad57f3413700b60aa969a868f0768e0c4562062d	80b8d6eacff822a7146f3a9b24970d30341cac85
qa/terminology-arxiv-qa/FINAL_COMPLETION_AUDIT.json	2237	64d1f8f31f36a8bc71ae73879038344b4d1103e1536e94f57fc21389c59bf895	007121bf49d8b4bf52e33d7b0427a66884028960
qa/terminology-arxiv-qa/TERMINOLOGY_QA_REPORT.md	6890	4389fcc7c117d6da3f953f284474b0003f55d6736553f688efda1f8cfe13a369	ba89852cc9d2fed1c6ce9f8c815e75c1fcdc796e
README.md	3654	0fe6eb5385a4da57037e8ef68644df1ec2b7fdf757b68efddd2672448a09b1c1	67846e35a740835381357483bbd6eb2f5f724ed6
release/PENGANTAR_PELUANG_GRINSTEAD_SNELL_ID.pdf	3403487	f4921540bb47b09bb938bb18a5a6f78fd5340835fb834fe865f1eb0930b8b2b8	c2486832d5f8bdc729648c09abbfe7d7e3d19735
source/back.tex	618	5aef70fc5f3e9f055d167edecf2f5b07d5aba6cfba6ffc55a12eb40bb59559e2	1a88360ac288e4f7990c01568f8b9f5a533675b9
source/ch1.tex	103179	3014c431353a7bb888f1a72ee4cc653d2e350ae8db2236d50b7482feafac7b1e	45acd11f7238f7974605e87a5c99b6756233c1ca
source/ch10.tex	82899	25260e1ab67943af6d9adf69f3a69eb5184e5ee6c6c662bc3b5fd8c07879770b	32ec86b5be57337e77c7acc7bc99984c53b197ae
source/ch11.tex	175691	5eac0c350d0275b59d32da2ec3a8e5c6e4adc28c32429775b2c261df219c8ef0	a93763943bc9dc04063e4f64791446beaf10ef20
source/ch12.tex	58942	413c5ddd51c12ce0c6f5631eb35e0a54c9a2d7c83415f59164223f6347d50e79	9674dd337a1ce93591f9b6a4df13687de0bcb95f
source/ch2.tex	76865	3ea06735849e2292a3cc4b66d3557833cf587af7df9ec84a1a48c2cbf5f42755	adf750bf565438e7097ee36c46307e206d7b5f6a
source/ch3.tex	148307	9f9018dd89be8a18d372ca0243285f242b203397e83281fc41463ddfd520b737	e89ed85431ad9645b4fe3ea6c0bc837d18bbefe4
source/ch4.tex	131404	c7c586839f555636230d384f4c8eda26b9203a25d9a2c7632b0da29ed2bc7017	30e443925e319479d9169d26ca94b174301a324f
source/ch5.tex	101669	df7626d184136aa6a38d051e36f6b5832afeef3f0720326a7e7a42eb92db863a	8c7e1cee47122864fb5186b31dfdfbab8eda4d79
source/ch6.tex	141167	ad5e4ac08fc8f76baed7774ef722da27588584dec580a8b90862be08fc7af577	e0086e98a102a5a6cf14d0950e31c663c0f20cf4
source/ch7.tex	41387	77b3f2a66d23f31c09d15672b771d99b20a1f2d91d26c8ceb055f47e8bb80034	d6f061f20b292ce03eedad5e433b48bf5798c11e
source/ch8.tex	41367	d5974a4253e59d5bea225fb5be6b748d62f4026f5567959e177906ce75d9c3ed	5e0362d7276044061bdff1313e3d1ba225550d1c
source/ch9.tex	94234	3315f08446aa2009fe0ea24b8c8c16a20d5fa256471c1d1bae8dbb0a03de5c7e	e83a0602d82c30a1779d8067b90f3f98595aa757
source/figures/PSfig1-3.ps	71269	b644721a370502a509754850aea1c68acd01e2aa6d496206c507ad09ea609b29	865049600f82caa8ecd4cd5bc4e7d924a8048697
source/figures/PSfig1-4-5.ps	176279	1b302191b33692d08a358050a6fa6106d28d917159b3368f6ac4ae83a2d1277e	47c255e3fd716d616d97c5895d397a7168c8c02f
source/figures/PSfig1-4-6.ps	176279	6513520f3f306eda34c8d5ed0a88ff1bd77cdb34c1aef4576ab4f4e8847362cf	27c16f91e5e39fec152081b0f2988dd4ffad3223
source/figures/PSfig1-4.ps	50558	59630aca0b5cc39baa1fa4a3a5fc70ee56205e203bae12b5039a5a04dd6de6ba	a73dcb5c35946681b5e4f8421d3214c5cd624ae2
source/figures/PSfig1-5.ps	222463	44a7d13569bc02b4bc3c07ce6e074974bc4629804fd6b342952e38b6bfa629b4	fc6331b3661d529e35ea31cbc21c7cc86c24841e
source/figures/PSfig1-6.ps	61278	3f64bf834fa74b59c23d2e868dec5c9f91ed8b9e5c991116ec45c92e9e1c5d0d	ec893a28b09d09fe8a1ec0d6aa60fe34205162f5
source/figures/PSfig1-7.ps	95928	71f744a7f02743108b8151910f3973e33eed11d53c113aa7c55a50b935f1c006	218ce90d586b294f5c93f7512a78d972123ed085
source/figures/PSfig1-8.ps	28909	ba59948894095f2ac1b7df90572af2e919866af379b74d088e0439f299811853	9fb01efdf93ec07bbcabc0d43ede5649418a5646
source/figures/PSfig1-9.ps	67906	bf181c0321334a92a56c8625a2ac44a5548d4e1864f74120e31bc43331b1b85b	afc7e81904a15a40c7f475260f13c3343ba13599
source/figures/PSfig10-1.ps	28193	d580aa9ff813b7a640694fa0677855fb88abdd41e0b4afa818d9c1efd8e51e3d	39169b8d74abd2256ab09bdabffd45cdde1f90e5
source/figures/PSfig10-2.ps	75798	8842382f844ecfda7f46eff0b1eb77a5a30f01d6554728db2d42ba0302cbbef6	294e735a8196a3089a462e5a13b687cb127d093f
source/figures/PSfig10-3.ps	58122	f065d9953d79141bb28006fcad8df3fc19ab724a0b9bcc70f808b4dfb6a41960	7859e907920a05a0f23c3f5f1c50e8740ae3ddb1
source/figures/PSfig10-4.ps	35057	5f372c298cfceb40352d6c02d4a3ab2eb37a08944396d139953084c3713cb91c	83b43a0c81ac17841d1ae57bf7fb79f5c2f971de
source/figures/PSfig11-1.ps	623496	7de64c0f4e199e9bbdd489b7f6d80a84e075dcc045f2d88ee995069a9b2d51fd	c5ac7c46f47b376630ae5364111738299f05fd2a
source/figures/PSfig11-2.ps	619197	85f14e4e3ec516892c3fc873ffaf35f6e53f06c6e36d53f98d4befc585df0040	0ea00e05e51e05ebb199f57bfc576a73541b9c54
source/figures/PSfig11-3.ps	31495	58cc0051ac44861d0b1b1cba2a7269d42462d00b86bc346b76282f0a168949aa	9a77403f90fb96a3a82325cf1c17c2e100dfa389
source/figures/PSfig11-4.ps	27383	b7842d1d2f8c4026acd4014161215adb51d63d1e51d7e2c80f5e6e4a591a0185	fccf5f6f800374d3084aea78fbd6d4f5216d2c16
source/figures/PSfig11-5.ps	28790	3c45926e568f39405b386b1ec615a1ad5a2ec2392ed245b88a44bfa891e64174	cf2a41ca1789687a8430626544a9ff144564e86a
source/figures/PSfig11-6-5.ps	26996	d43442a8d37dcba01faf49f1de0a384cb54ed9a4c775c048aab38c025cd822d7	225e8fb22223b7a8b43e3c0566a44eed2df0c038
source/figures/PSfig11-6.ps	74313	731d274039d5c0c7797cdfc2bbf87d1fc01bbd49bebe3946d539a9ee9151f4f8	ac052e9957f996d86e7288071f9c1e10db142f02
source/figures/PSfig11-7.ps	26484	dd880db6062f9180366f5f49ef7c81362e48d116df4358a694de6df4c9db09a5	04be711c0f749eae9e2a6af7714ddf0ca7c940c4
source/figures/PSfig12-2.ps	35051	54aa4a66a5e2622e6f352f3120b2c2a61f1a9b979740dbe0b6866d85f4d87fab	82d6473f21fca7b9bbb21cb88ba31e5268abccda
source/figures/PSfig2-10.ps	34983	ebd27552df487f44c88cb6c8d1686cd8ac0c659ad758b04036df03bae7ec023f	1101a270d84f1a0869886b0534662b16a6587e00
source/figures/PSfig2-11.ps	74348	de23bce9aba547ec7df3b6af5f1c5f1c6dfb09da89da98192fbaf736b7463c69	5c5713dee310d14cdbd78d2e9a9225317228afd0
source/figures/PSfig2-12arc.ps	56076	0ab9833fd8d26cc1aa8f426c11f5fe79e83541aeabbd05bc3f18a78889b92382	9460aa8db2b6d953ba0c9350b77f85b768579463
source/figures/PSfig2-15-5.ps	61204	f2cba2ad061d557a70b9bc277177272dae848ba55163de2a18de70ef77db7024	3060bdb4719ee84406c64955d53f39a3e2142911
source/figures/PSfig2-15.ps	110258	57c8b1b924b7de3bcabb715b087d3aba5092254788587253ddabfd8aefeaf631	bfc795ae1f6d894bf25f9de9b9437a4f80730269
source/figures/PSfig2-16-5.ps	32680	3984faaf312f81fc67939bcf091db42722b9246fe955b00d96fc4532bb117bf6	3dd03631858cfb91e873924d80a25e9b7f3a2b4b
source/figures/PSfig2-16.ps	31225	7dd22757207c63626403d03e9763a9b7e9f0fa2a9d6966ccf2d1874eec8a50da	36647a513a3077ecbc11b2bf164ad2aae5ebb213
source/figures/PSfig2-17.ps	35658	4ac0ba01fa4cedec05c9635a6086c4d951ebcfbe6062beec11bdf73ceffc7f47	cb6c5ae026c50e061a62f59f5a25561b2c882662
source/figures/PSfig2-20.ps	33030	a314fd351dd151efe8f4ec154762e6573f3ae4aea649c45daf858569d640b3ae	3dc28539b8c005074fb6cf9c62d6914a0f87ef61
source/figures/PSfig2-22.ps	31113	ec6fab2540d7f52c3fd1625e1b88631362069acb1757e9475f09f0dd0e12eb47	362147301894667e64504ba1d3822e995204487a
source/figures/PSfig2-23.ps	59189	1104e87ff253f13292d75f14cc5adf8f40d5b0855739ae1730e38e624969dae1	083da2cdc87377675ea619dbd047a965214ee215
source/figures/PSfig2-3.ps	29205	89653e09c33cf63e7fbb9f3cb9cbc98db20841f3c92e4e304c0f7eea22ce7cbb	7b3a47fc1b858761b70fd1d0b5fc9d6a52679d7c
source/figures/PSfig2-4.ps	70961	3e9d6be736cf0af4ac1f776e1e5546ce0c6aaee68d3935a3f68a6b47ddc1c0ad	a06805069fec61cf6e61248d0f225a071d435bf1
source/figures/PSfig2-6.ps	57527	4d8fcea623ba1ea18786aefbe5c79a82e34f59453b09d60c5decdd7378db6f98	98d31609bf89707a80ec82973c9588af1ac4edda
source/figures/PSfig2-7.ps	31229	e7f22d0ef14a31281b9f646024b63ba1f5bbcc167070d72a738f8c8d4bc239ac	167bd1d30c3b64ab9e33cef0931723f3d52eb7fe
source/figures/PSfig2-8-5.ps	32368	c78ae006927266fe7db181167156310264643e46619fa041fa1a995ab1d02dda	7c5f74860438eb671c2423b1c11829af79f128c6
source/figures/PSfig2-8-6.ps	34260	bd945e94ee7bb50c12ee9fa8043c99e3f4a0fa736d9728efe5ca2c78e6e16333	34bd244eb39bb931baf799d90044532e1dbe8052
source/figures/PSfig2-8.ps	61123	7363cf31fe746bda1e35826b943bbb09c0ca626f75eb7920e257c1af9b48664a	101a0a34209565cc8e12e331204b297a40ddcdb0
source/figures/PSfig3-1.ps	28549	442d6e472782f59b3043c7b399a97974f1ba52c6897837638a2042f58181ba3e	b3a37336e8954af03e3d873e97dc6c1f871762dc
source/figures/PSfig3-10.ps	29358	0628f1a7db6a91252e86a23e4b881607066747f825ffd07d68d600c9657e95b9	0c64d0d4589506a282785e03afba349b1c154c8b
source/figures/PSfig3-11.ps	45320	948647c90a3964b3bb64946693b54e0ebf98d99fa2e46d009e79650dac23da78	9ff2e06fd3e0ef239972d0c93da635f9be660bd4
source/figures/PSfig3-13-5.ps	29729	0fa4de0469ea5f1d1f3c340017c78412375c59404bac0c6d03ebe79acc7b200b	89bbb4f85c3076ea93f12af98e7dc3d4f45fab91
source/figures/PSfig3-14.ps	95935	4d73439e9e4b85db8d81e6f413d82948fb6514d44a93a866d81ca95e28b4323c	6b16f1eeacd4a4be1d0463fc430bddd52397a105
source/figures/PSfig3-15.ps	95935	58b5df2c7e13ac61ca814087425ecf10ca328cd13896f1933a88880837896883	4cf483591612d73b54496bc0c87cf0cfd25d8593
source/figures/PSfig3-2.ps	29189	f7fbd218658eaeb1fd90bf69486df4fa5ee1de7bfa30ebdd812cedb8c5bcd554	f66b7a2bcd8bc119b1ecee9c532700709fe1fc63
source/figures/PSfig3-6.ps	56780	a6f8c31282a0a000e001bd1ab439ccddff01cd440716c1d61a08d43006104442	fc0d7dc86d4246d7a20ddb0acebe4551da2e75e2
source/figures/PSfig3-7.ps	31120	577d8fe27d1d2819491cd20b5612f860c057dcca84a31ecf4b969bb9d6a6fb1b	0d6e21e516c0ac493a5b346788374675f9bc1d6e
source/figures/PSfig3-8.ps	90148	7737f821ab2f186ab51d2c877e47491b8a5f0d6a03b2ba937dbdb028a07d2d04	4ee408fad33fcdb022354d6f633ca26db569981b
source/figures/PSfig3-9.ps	37982	0af7a96dcfab87e8e3248f7156e39a250a01942d3f98c2b2e5f9303b3dafc821	c82d31fd8a2af4180532bc70ff67d513584afb83
source/figures/PSfig4-0.ps	59747	20252bfca953f8a916406982ded18b6b4591fc2efb0be1964193fa26d31f9ecf	da4e611ec242dcad0659386a0f99b7635c905321
source/figures/PSfig4-1.ps	28448	aa4a2e3e5fbbf3ea18edd1e03c0ff01571ee83ced330aa6b55377ae69887be82	4a31963f26f634ef0faf20be847bb0a2f791e411
source/figures/PSfig4-2.ps	28723	859cb0aaed70e980f99826b192a467644a701e0b326bb836d15a17cfb6624c20	e7bf9e1e171fbbcd5420e203f002a05979510021
source/figures/PSfig4-3-5.ps	29986	2d848437403298bdcbf11c1ec7688e79b383cf7e5edf06bd45723d50f6dfbdeb	8abdfbc735e375b7475710f10e71efcd9856aa92
source/figures/PSfig4-3.ps	29285	6f1a67a2e67ccfb4bc321dd15728c954dfc3fe405dbc7ebd48ffb41990e207e3	843fd60c7075e82351856c04c99750784bfd3706
source/figures/PSfig4-4-5.ps	27709	13d13f003ec43ccd18f369da7ad29ebac3801626ceef94815df4526f1c0682b0	b8805abbf01118bbbb4c5adfa492731425e01b43
source/figures/PSfig4-5.ps	57849	90d0257f6fbb7f1c185a3890a2e1bf07e0ce4fc4ee8e09b701e1ef9856ff51de	4b98061e524886d4fc307f75d94803b115bc13f6
source/figures/PSfig4-6.ps	32863	db82d07027ba2a1ca0d91379208c5771670a8808f995379a6a8efc5fcb136eee	e4fda432c9f0632642dabd6f1e0d800982b6999d
source/figures/PSfig4-7.ps	62322	9960fa29671fd5dbb51c4011ab5991c5134a7248cea0e9e47cd6c901ff5a9bbf	966128ff6b590c12d4503380f6db3e6b8c8343bd
source/figures/PSfig4-8.ps	62301	75f7b8de6af7f77d975af57fefcb785b048629d487db5f2fc78fcfd7163ece42	9bdcae4e4007db1863775c86922b3726353c473f
source/figures/PSfig4-9.ps	26944	a0ba0f3609cedfffd800a270802ed72da4ff93e73ab329bd8a2e1a432397da18	d664ad48f8669936c2ad13e41cfef22b7dfb8029
source/figures/PSfig4.ps	58561	a6208dc52c62005bad94cd7d2b8358f4ba9c7ac615524dc32043d3791821402f	a7e1369c9dbef5fc57a441ce3a9abbbdd931ca41
source/figures/PSfig5-1-5.ps	52492	363391c32bce9340674e33c3dc74167b10a2312ddcf854769d3ceba513adf451	6d5cbd1e725a7ec228706aa63b3016f9a3b90c0a
source/figures/PSfig5-1-6.ps	36325	d3b6aae02a446d86b4db2e237d0096d136d1df52632d813b3889b718bc7fdb4b	8aed616acf3a06a2a15148b97d44887a57106bfe
source/figures/PSfig5-10.ps	34068	b728cd11ac7bbba422336d427b46223f4fac55314af6a72917175f227ca8b8e2	28247a97c853a280688aa06a2760e8c3035eef4e
source/figures/PSfig5-11.ps	61692	7391312db994ac54a5909af14b34a96d94e39b09e3f9a8533297420f34dd4881	aebe62f8629e00165de24359139ee0a556226a90
source/figures/PSfig5-12.ps	31803	d49c100ae3ec6d53e60d53ce1919c497050cf3fb77e41643598458856932d5c7	983a11dcbdba23adfaa13501886e5470f66906da
source/figures/PSfig5-13.ps	30654	8442367b0c4adc190642cdabc8dfed2b9266e3ff6d6f81b1d53567182e86671d	28993c32137c882f10ac3a9365c3510504b3c22a
source/figures/PSfig5-14-5.ps	36157	8fcf808ce8cbfb17541b282fb654e80e5c36247d0b6a3470b8c0e2cb83e0c5d7	d69d31f1ed1a8311752e46c08d7c0a62bbf350fe
source/figures/PSfig5-14.ps	36634	395b3c8de81af3126291b8b3116d4f184e7190616895c33027ec88d529b6e06c	caab7ba59ee3bbdf35198a887b20a0b47fe7eb13
source/figures/PSfig5-15.ps	56298	0cd8eb45248a625b661f6f384538e9d42f8d49a973608bcc5201b68301815c5b	aad3f65db4baab0da77d3c5f0c0b1bcc4c13d8da
source/figures/PSfig5-16.ps	56929	1e1c74b1d709feada2c6899cb9aada87ab34e553f899d3c16a3780adbf615c15	b1b9e3de92368399ec0cb02076e51abce5f29caa
source/figures/PSfig5-17.ps	799218	28be9e3b704c3978827d9fe41c91977975e12dee84b178f8a7a20d9416407bfd	5c0dbf7c7d3837ccda39528286d72310d06bd72c
source/figures/PSfig5-18.ps	35426	911af6e0c4c7eae6f370b6c21eae7d496d7891073255d12901759b104cd3333b	49c558d47e047f03dc3438ef9b9402e3c3cbe44e
source/figures/PSfig5-2-1.ps	36664	6a3f3c5946cab3102448863dc7aeb0020da42870d73b2308a8f1d782d31eea38	72a09fe1d6da40946c0a08b37c079e9035cd9e43
source/figures/PSfig5-4.ps	80711	f9e5fdc3662b1782c1d8ec54d9e77445bf8324b4e5b8a50c1f72d32967bc87ca	a2f04453d624f65e7032d5530006a640c87adde0
source/figures/PSfig5-4x.ps	40419	d4fb7cbaa86d9a150d9b493c4df27926650b4f798724e0837db42bed849f9e6c	64d4b759e0f1f190cd60896c81a54e33d69b70ab
source/figures/PSfig5-5.ps	34458	fac418946ee2e17c503486adbf374f21e513ec2eee7e4cb01bc15c054d6bbf40	911991bd00111af221404bf7d3d623f1d00323e6
source/figures/PSfig5-6.ps	35438	2c6b29fae8627edd65e68c74584621e25b0f755fbce4dfa0ad33b328f9eee9dc	51ccb350bf6b2181ca24f4252dcacc09a9f90621
source/figures/PSfig5-8.ps	56699	6f758f6b325f9c9e3ce1af82162f2a917ffeb9c265c321663d9afc445d0207f8	ab46e379405d3f5c15dce214a7f8a1c0e0477c75
source/figures/PSfig5-9.ps	37677	70bff3531290b9b10f2f5666dc4e5cbb10a6d1c98cc2286f0ebe4c866f5151d0	49f6284e09e5c95f8addf364e6971c0130226037
source/figures/PSfig6-1-5.ps	57054	3b6510ad9af04b751d6ba69b3deaac8ae85d8d030c5b25d7ade6da20c4cd7215	4e3861b370c262f3669ea88ecefbca7364c4ed45
source/figures/PSfig6-1.ps	29385	d70dbb3284117ac9ded771c4a4cd6ef9077689009ffa0dba433509ad0729ff4c	8dff4fde70f4535f50a29330752ac3cad8e87ea2
source/figures/PSfig6-2.ps	27042	25f868c60bb4fdc27fc7fb9302829f7fbd0cdd92f5723db3efe7c2a8fab7d34b	e8a8c0eaa23d707b2b99d8efba348e8f88ee6f99
source/figures/PSfig6-3-1.ps	33412	7f006f62399ebcffab805d2f18b264a0a590c7329edaa5aba1eda00d840462be	af398e2612c84221abbd0c000c5749958c82526e
source/figures/PSfig6-3.ps	30176	0c5fa14bc4c109e74f327c7013be0ae8e0c1fcbb49329ad9d7b385399f5e87a8	95fd20f684b44b74907acc3ecffd8d99b016c7c4
source/figures/PSfig6-4-5.ps	46201	4760e52c25a28720c4c94c02a6dc41d99c46b368b66c9bbf31a51f7ca9c6d749	287898da8f6effaaf55fa30e2a53ad1c9f19be50
source/figures/PSfig6-4.ps	29468	9982eb04f9f863580d7c25c55f0494243e3b7c17c8d7de5254b68e3c7cba4922	0075bfd94aee9ed9609a750a1a42979ed31aef28
source/figures/PSfig6-5-5.ps	33878	b0db6d8d8b5ceb8e660ebabc230692ebeeffe2cec071288c3e598c4804a1ce1b	e356648b69e4fa9a3669293ebf06227bf8982b16
source/figures/PSfig6-5.ps	33793	04d6fc07e2ddb066c74925b269bf9c5784d92d0bce2e570f17b208b28f052560	d72803514d0c6983017bf1cca17e9a5176809fc6
source/figures/PSfig7-1.ps	62718	1dbc596728f7bea54c01fedcdf63f079b720b5b286b0a5cd01fadf603f0dd76f	4be3f005f34cf029b27b18a00cd1e359ef0910c1
source/figures/PSfig7-10.ps	70032	bdd2941e7bf2994cfd1e4b6575169d44ec02c59fd2a8be2188da474cdb9ef25c	b9d165339b9bd3b64a12bf734560d97480a3ff8b
source/figures/PSfig7-11.ps	68795	73236b4600c885eaeb237b1e59a1511fc33612fea574ef1472ebb1b253c5c82f	8565f82756f063bcfc2588e555b758e2e95b5eb8
source/figures/PSfig7-2-1.ps	33750	c01a31f620a47afaaf12b2d46d6dc5691276e39e3ca42f0694a5bec9a2ebe42b	c52761351125d1d66b7e70a4c83c3230c66a60b8
source/figures/PSfig7-5.ps	29969	fce38570b4a2ea27b9cf6c95d623af123ab1137d6e02ff48b2690b146c941ec8	e56355128d27a4051550723b856a648af7b545af
source/figures/PSfig7-6.ps	31804	81bf10a29797a92cfc35c1be05609c9672dcfdb8a7c545a2c251187f0872b3b1	ec03bd3ee15c7bf28608f83e7b21a59e4e8a4c3e
source/figures/PSfig7-7.ps	30744	de39e4b19de88f820f7a164b3eb9520bcbaa40c4d3492e4642fa4bd08c7d73ac	1b376db5bef80edec9982f6d8254d4b94ae7aeec
source/figures/PSfig7-8.ps	41244	32d0a23364f5f3cf7255011c3f9ff57e31902d80648b62c61b88dc2eb9086ac1	f4a4a647157d9f760f3b548220e2da82b5720daa
source/figures/PSfig7-9.ps	71894	c9611acb92864e41aeffb51eccaa8bc1976a5d7c6e37d4c5f7d5d80d4b1f2792	10c5b180d096cce5f174baf5772ae9e89769a530
source/figures/PSfig8-1.ps	81568	f51268ef3cce00c12bcecd079148c31e34b7403cf249da6b276fc8360002557b	155ee2b56be7613425bf089ad11a2d8caacfa5f0
source/figures/PSfig8-2.ps	495166	c682f13280d3075c0383fb7aca25bb3f7b74f180cf4aff3e712428e87371f9ef	ef6efd33cd22f018c0a08322eb834a4e4ced08b6
source/figures/PSfig8-3.ps	27452	0c2240a623ea1ce963145244cc0fcb938adde457f1a4c0fec7171e5b0662d5ac	b9c3fae81603f1e11e515a25b47272793484d620
source/figures/PSfig9-0.ps	32510	3be80f99a20d770220faa6a11eace496bf7efef282e0b7f57d84464901e1730b	31283ba1a790d49f345d2927379b692f5f4f67c9
source/figures/PSfig9-1.ps	36774	e05c127b392c88447dfe3d8ede311dfdd15366549cdafe7dabcb16f3e618dc96	0e874de92eb36eba1fcadf7c2bb70e5492ae0a21
source/figures/PSfig9-12.ps	36649	ab68ef2fafc082582d44bca6db9473e135029995915d85ee6d0761c15aeba690	04b42c5f9c53659106a8f9f32397c6c08e8e1d52
source/figures/PSfig9-2-1.ps	35469	2443ae115ac34b6be2bb82d05a6a94d0d59eb477aa4251e940cd876ea1b2ce84	436d29e54cbaa167431ab70bcb13128e312252f5
source/figures/PSfig9-2-2.ps	32442	970bc17de8f92b936f3ac6fe7a83197aba6ea47a21295f5f1deece674a55f3ed	d325c8f0849105a20ec3bac118316083770bb1e3
source/figures/PSfig9-2-5.ps	59312	c7a5999a97dc38f1b99e2241c8788af2fcee71ba2306a0274c315e6ee83adfd1	8f49f239011697ebbca8d76ab36037b7428348cf
source/figures/PSfig9-2.ps	35180	2bf955688629bc839aa5ed4b2b0fa47f95dfb67e3b5b6708be3f078b177384e1	6faed09ec6f40ac777440505be29cd8d81ae1813
source/figures/PSfig9-5-5.ps	42142	25654256997e5e50df2c533b1f6c5283ad1bfa3a7d2dae839b566182482afd6f	5844ad4d2042690faf5575422910b68ac4b6fdca
source/figures/PSfig9-5.ps	42143	abc05ece80b3b94b23e88d9a64d876429d4c193ed823968f1f436f82fe9b8294	40e511f6cb86a5702267dfdb71adcf10d17c43b0
source/figures/PSfig9-6.ps	51864	dca5735ccea63f069bfd1282c9a5bc859e37bef691aaa378fdbddaf9782b1142	6e4b117268cbae9f3c5cc0f569e72ffbbd64c425
source/figures/PSfig9-61.ps	40915	3b6a2b2a25fb1605a87335b724cee260a9937852319ecb6bd35df6974aa5e735	dabdd0c8f3ba18fabce9e3ec5114fede162ba00b
source/figures/PSfig9-7.ps	64067	4dd082f14c7c81d9b260edb43e85e1e91311c0fd15db63965443bf28da32e164	91791666fa245f414f2ae24bd8710d646ac3c33d
source/figures/PSfig9-9.ps	67500	43bb7bed3b283d566d3917bc459249e2171102e1540b629798d0f86a80f4c6b7	62b647355b0bc2e0e036adda77f9aefa6aaf5a42
source/figures/PSfigappA.ps	34534	f4362dfe22e0ce9176936c1ded43e5e22e8cdd47e4bbaf69c6f3e7569ef13020	29a2602ae88b541e0b2b11e25332536bc3562902
source/figures/PSfigappB.ps	60466	468372c51c1791599262a8c1ad442e441ab5eb58e35e4b8447920a9956d65b1f	ccbb1ac50d138a3fb17472cbbe2af821e915ffbb
source/figures/PSfigappC.ps	32924	ad8361641bd6f2103754dbb8127655aa9bc9af561a197580ffa8197bcd5ff7df	dad84318a2430b30fa6d7cadd242c3b8031229d0
source/figures/PSfigblank.ps	11101	07f141aa9c94a0e7b9cf2c551ec8f741ae36116b69de638ca1b71f1c58ff3ea6	5f411d8f05fa564fa36f58b9a375a5fc4ea29636
source/front.tex	602	00c542e555df397b1dced23e86ff8f79da75e8edeb503df440344a9231f61043	4e34c9be02a82df3b362be4bdca0e00f8556be8b
source/gfdl.tex	278	f31e46a9417b2186209dc706da9622903f294708483ea1c8c5e70563dd597735	4556b307b748997ec80b82578091e03ab181b225
source/history.tex	1320	a67d02e26931ac52b34db1bd4448bd101c79f566f3978c9c5e8db7b0ca5e4ee2	d956f6149120183ce727232f80b8dc1c31986812
source/LICENSES/GFDL-1.3.txt	22955	110535522396708cea37c72a802c5e7e81391139f5f7985631c93ef242b206a4	857214dd84593e0bacaac0211d76de0b69f2fa18
source/preface.tex	7267	1c2b403b9ad83ba5165d77dd0371e1f02fa361f933a589daed52605fead94ce8	3b0b8d4432bd957fce89eb1f84e45d0609cafc88
source/prob.tex	4167	8de3b38ec5b9d978f72506059d245ef0e64fffc62c0c7c5b7c70da961d40b118	9ff8f2299fa768fb1e80b8b138ab170e37d6999f
source/publication.tex	2119	8562b766ceebd2f6baf55597d9b4123aefeefef3a2a1166c1ab08924a52946ab	27f3b7bf5c233b2f73103d79e6a8a41b4485837f
